loan_id,delinquency_probability,default_probability,prepayment_probability,next_state,exception_probability,exception_type,anomaly_score,top_drivers,reviewer_action,confidence
LC_1000052,0.0003,0.0003,0.0056,PREPAID,0.1386,STATISTICAL_ANOMALY,13.9,multivariate_statistical_outlier,FLAG_FOR_REVIEW,HIGH
LC_1000088,0.0003,0.0003,0.0,CURRENT,0.0942,NONE,9.4,standard_performing_profile,AUTO_APPROVE,HIGH
LC_1000094,0.0003,0.0003,0.0,CURRENT,0.1035,NONE,10.4,standard_performing_profile,AUTO_APPROVE,HIGH
LC_1000113,0.0003,0.0,0.0,CURRENT,0.1047,NONE,10.5,standard_performing_profile,AUTO_APPROVE,HIGH
LC_1000199,0.0,0.0,0.0,CURRENT,0.0912,NONE,9.1,standard_performing_profile,AUTO_APPROVE,HIGH
LC_1000252,0.0003,0.0,0.0009,DELINQUENT_60,0.1155,NONE,11.5,standard_performing_profile,AUTO_APPROVE,HIGH
LC_1000385,0.0003,0.0003,0.0,CURRENT,0.09,NONE,9.0,standard_performing_profile,AUTO_APPROVE,HIGH
LC_1000450,0.0003,0.0003,0.0004,CURRENT,0.1008,NONE,10.1,standard_performing_profile,AUTO_APPROVE,HIGH
LC_1000631,0.0,0.0,0.0011,CURRENT,0.1098,NONE,11.0,standard_performing_profile,AUTO_APPROVE,HIGH
LC_1000653,0.0,0.0,0.0,CURRENT,0.1035,NONE,10.4,standard_performing_profile,AUTO_APPROVE,HIGH
LC_1000725,0.0,0.0,0.0,CURRENT,0.1098,NONE,11.0,standard_performing_profile,AUTO_APPROVE,HIGH
LC_1000742,0.0,0.0,0.0,CURRENT,0.096,NONE,9.6,standard_performing_profile,AUTO_APPROVE,HIGH
LC_1000748,0.0,0.0,0.0004,CURRENT,0.3053,SOURCE_RECONCILIATION_CONFLICT,30.5,source_reconciliation_conflict,RECONCILE_SOURCE_CONFLICT,HIGH
LC_1000813,0.0,0.0003,0.0004,CURRENT,0.1086,NONE,10.9,standard_performing_profile,AUTO_APPROVE,HIGH
LC_1000937,0.0003,0.0003,0.0004,CURRENT,0.1344,STATISTICAL_ANOMALY,13.4,multivariate_statistical_outlier,FLAG_FOR_REVIEW,HIGH
LC_1000971,0.0,0.0,0.0,CURRENT,0.126,NONE,12.6,standard_performing_profile,AUTO_APPROVE,HIGH
LC_1000998,0.0,0.0,0.0,CURRENT,0.1305,NONE,13.0,standard_performing_profile,AUTO_APPROVE,HIGH
LC_1001052,0.0,0.0,0.0,CURRENT,0.1137,NONE,11.4,standard_performing_profile,AUTO_APPROVE,HIGH
LC_1001056,0.0,0.0,0.0,CURRENT,0.0981,NONE,9.8,standard_performing_profile,AUTO_APPROVE,HIGH
LC_1001065,0.0003,0.0,0.0004,CURRENT,0.1179,NONE,11.8,standard_performing_profile,AUTO_APPROVE,HIGH
LC_1001083,0.0003,0.0003,0.0004,CURRENT,0.0894,NONE,8.9,standard_performing_profile,AUTO_APPROVE,HIGH
LC_1001122,0.0,0.0,0.0,CURRENT,0.1104,NONE,11.0,standard_performing_profile,AUTO_APPROVE,HIGH
LC_1001157,0.0041,0.0,0.0018,DELINQUENT_30,0.1071,NONE,10.7,standard_performing_profile,AUTO_APPROVE,HIGH
LC_1001166,0.0003,0.0003,0.0,CURRENT,0.1035,NONE,10.4,standard_performing_profile,AUTO_APPROVE,HIGH
LC_1001213,0.0,0.0,0.0004,CURRENT,0.0822,NONE,8.2,standard_performing_profile,AUTO_APPROVE,HIGH
LC_1001223,0.0003,0.0003,0.0,CURRENT,0.123,NONE,12.3,standard_performing_profile,AUTO_APPROVE,HIGH
LC_1001272,0.0,0.0,0.0,CURRENT,0.108,NONE,10.8,standard_performing_profile,AUTO_APPROVE,HIGH
LC_1001350,0.0003,0.0003,0.0004,CURRENT,0.0924,NONE,9.2,standard_performing_profile,AUTO_APPROVE,HIGH
LC_1001427,0.0003,0.0003,0.001,CURRENT,0.117,NONE,11.7,standard_performing_profile,AUTO_APPROVE,HIGH
LC_1001455,0.0003,0.0003,0.0,CURRENT,0.1092,NONE,10.9,standard_performing_profile,AUTO_APPROVE,HIGH
LC_1001476,0.0003,0.0003,0.0,CURRENT,0.0981,NONE,9.8,standard_performing_profile,AUTO_APPROVE,HIGH
LC_1001510,0.0,0.0003,0.0,CURRENT,0.1263,NONE,12.6,standard_performing_profile,AUTO_APPROVE,HIGH
LC_1001553,0.0244,0.1001,0.0,DELINQUENT_90,0.1542,HIGH_CREDIT_RISK,15.4,elevated_default_hazard; multivariate_statistical_outlier,HIGH_RISK_REVIEW,HIGH
LC_1001623,0.0,0.0,0.0,CURRENT,0.1044,NONE,10.4,standard_performing_profile,AUTO_APPROVE,HIGH
LC_1001647,0.0,0.0,0.0,CURRENT,0.0888,NONE,8.9,standard_performing_profile,AUTO_APPROVE,HIGH
LC_1001698,0.0,0.0,0.0,CURRENT,0.1317,NONE,13.2,standard_performing_profile,AUTO_APPROVE,HIGH
LC_1001827,0.0,0.0,0.0,CURRENT,0.1293,NONE,12.9,standard_performing_profile,AUTO_APPROVE,HIGH
LC_1001833,0.0,0.0,0.0,CURRENT,0.1107,NONE,11.1,standard_performing_profile,AUTO_APPROVE,HIGH
LC_1001944,0.0003,0.0003,0.0,CURRENT,0.1242,NONE,12.4,standard_performing_profile,AUTO_APPROVE,HIGH
LC_1001978,0.0,0.0,0.0,CURRENT,0.1353,STATISTICAL_ANOMALY,13.5,multivariate_statistical_outlier,FLAG_FOR_REVIEW,HIGH
LC_1002002,0.0,0.0003,0.0,DEFAULT,0.1605,STATISTICAL_ANOMALY,16.0,multivariate_statistical_outlier,FLAG_FOR_REVIEW,HIGH
LC_1002074,0.0,0.0,0.0004,CURRENT,0.1011,NONE,10.1,standard_performing_profile,AUTO_APPROVE,HIGH
LC_1002075,0.0003,0.0003,0.0009,CURRENT,0.1149,NONE,11.5,standard_performing_profile,AUTO_APPROVE,HIGH
LC_1002135,0.0,0.0003,0.0004,CURRENT,0.1071,NONE,10.7,standard_performing_profile,AUTO_APPROVE,HIGH
LC_1002153,0.0,0.0,0.0,CURRENT,0.1578,STATISTICAL_ANOMALY,15.8,multivariate_statistical_outlier,FLAG_FOR_REVIEW,HIGH
LC_1002165,0.0,0.0,0.0,CURRENT,0.1605,STATISTICAL_ANOMALY,16.0,multivariate_statistical_outlier,FLAG_FOR_REVIEW,HIGH
LC_1002197,0.0,0.0,0.0,CURRENT,0.1269,NONE,12.7,standard_performing_profile,AUTO_APPROVE,HIGH
LC_1002209,0.0,0.0,0.0,CURRENT,0.087,NONE,8.7,standard_performing_profile,AUTO_APPROVE,HIGH
LC_1002211,0.0003,0.0003,0.0004,CURRENT,0.0861,NONE,8.6,standard_performing_profile,AUTO_APPROVE,HIGH
LC_1002216,0.0,0.0003,0.0,DEFAULT,0.1332,NONE,13.3,standard_performing_profile,AUTO_APPROVE,HIGH
LC_1002240,0.0,0.0003,0.0004,CURRENT,0.1233,NONE,12.3,standard_performing_profile,AUTO_APPROVE,HIGH
LC_1002247,0.0,0.0,0.0004,CURRENT,0.1128,NONE,11.3,standard_performing_profile,AUTO_APPROVE,HIGH
LC_1002344,0.0,0.0003,0.0004,CURRENT,0.084,NONE,8.4,standard_performing_profile,AUTO_APPROVE,HIGH
LC_1002351,0.0,0.0,0.0,CURRENT,0.1035,NONE,10.4,standard_performing_profile,AUTO_APPROVE,HIGH
LC_1002394,0.0,0.0,0.0,CURRENT,0.0921,NONE,9.2,standard_performing_profile,AUTO_APPROVE,HIGH
LC_1002471,0.0,0.0,0.0,CURRENT,0.0957,NONE,9.6,standard_performing_profile,AUTO_APPROVE,HIGH
LC_1002481,0.0,0.0003,0.0,DEFAULT,0.1539,STATISTICAL_ANOMALY,15.4,multivariate_statistical_outlier,FLAG_FOR_REVIEW,HIGH
LC_1002541,0.0,0.0,0.0,CURRENT,0.1326,NONE,13.3,standard_performing_profile,AUTO_APPROVE,HIGH
LC_1002698,0.0003,0.0003,0.0,CURRENT,0.108,NONE,10.8,standard_performing_profile,AUTO_APPROVE,HIGH
LC_1002710,0.0,0.0,0.0,CURRENT,0.0954,NONE,9.5,standard_performing_profile,AUTO_APPROVE,HIGH
LC_1002782,0.0,0.0,0.0,CURRENT,0.099,NONE,9.9,standard_performing_profile,AUTO_APPROVE,HIGH
LC_1002789,0.0,0.0,0.0,CURRENT,0.0975,NONE,9.8,standard_performing_profile,AUTO_APPROVE,HIGH
LC_1002874,0.0003,0.0003,0.0,CURRENT,0.1533,STATISTICAL_ANOMALY,15.3,multivariate_statistical_outlier,FLAG_FOR_REVIEW,HIGH
LC_1002906,0.0,0.0003,0.0009,DEFAULT,0.1335,STATISTICAL_ANOMALY,13.4,multivariate_statistical_outlier,FLAG_FOR_REVIEW,HIGH
LC_1002950,0.0003,0.0003,0.0004,CURRENT,0.1065,NONE,10.6,standard_performing_profile,AUTO_APPROVE,HIGH
LC_1002973,0.0003,0.0003,0.0,CURRENT,0.1035,NONE,10.4,standard_performing_profile,AUTO_APPROVE,HIGH
LC_1002995,0.0,0.0003,0.0,DEFAULT,0.1605,STATISTICAL_ANOMALY,16.0,multivariate_statistical_outlier,FLAG_FOR_REVIEW,HIGH
LC_1003016,0.0003,0.0,0.0004,CURRENT,0.0849,NONE,8.5,standard_performing_profile,AUTO_APPROVE,HIGH
LC_1003059,0.0,0.0,0.0,CURRENT,0.117,NONE,11.7,standard_performing_profile,AUTO_APPROVE,HIGH
LC_1003168,0.0,0.0003,0.0004,CURRENT,0.0837,NONE,8.4,standard_performing_profile,AUTO_APPROVE,HIGH
LC_1003177,0.0,0.0003,0.0,DEFAULT,0.1398,STATISTICAL_ANOMALY,14.0,multivariate_statistical_outlier,FLAG_FOR_REVIEW,HIGH
LC_1003264,0.0003,0.0003,0.0,CURRENT,0.1272,NONE,12.7,standard_performing_profile,AUTO_APPROVE,HIGH
LC_1003337,0.0003,0.0003,0.0,CURRENT,0.1128,NONE,11.3,standard_performing_profile,AUTO_APPROVE,HIGH
LC_1003405,0.0,0.0003,0.0,DEFAULT,0.1641,STATISTICAL_ANOMALY,16.4,multivariate_statistical_outlier,FLAG_FOR_REVIEW,HIGH
LC_1003475,0.0,0.0003,0.0004,CURRENT,0.1017,NONE,10.2,standard_performing_profile,AUTO_APPROVE,HIGH
LC_1003541,0.0003,0.0003,0.0,CURRENT,0.1161,NONE,11.6,standard_performing_profile,AUTO_APPROVE,HIGH
LC_1003569,0.0,0.0,0.0,CURRENT,0.1074,NONE,10.7,standard_performing_profile,AUTO_APPROVE,HIGH
LC_1003572,0.0,0.0003,0.0004,CURRENT,0.0942,NONE,9.4,standard_performing_profile,AUTO_APPROVE,HIGH
LC_1003608,0.0003,0.0,0.0021,PREPAID,0.1281,NONE,12.8,standard_performing_profile,AUTO_APPROVE,HIGH
LC_1003623,0.0003,0.0,0.0,CURRENT,0.1143,NONE,11.4,standard_performing_profile,AUTO_APPROVE,HIGH
LC_1003682,0.0,0.0,0.0,CURRENT,0.1098,NONE,11.0,standard_performing_profile,AUTO_APPROVE,HIGH
LC_1003703,0.0,0.0,0.0,CURRENT,0.1074,NONE,10.7,standard_performing_profile,AUTO_APPROVE,HIGH
LC_1003725,0.0,0.0,0.0004,CURRENT,0.1155,NONE,11.5,standard_performing_profile,AUTO_APPROVE,HIGH
LC_1003740,0.0003,0.0,0.0009,CURRENT,0.0933,NONE,9.3,standard_performing_profile,AUTO_APPROVE,HIGH
LC_1003742,0.0,0.0,0.0,CURRENT,0.1371,STATISTICAL_ANOMALY,13.7,multivariate_statistical_outlier,FLAG_FOR_REVIEW,HIGH
LC_1003784,0.0,0.0,0.0,CURRENT,0.0906,NONE,9.1,standard_performing_profile,AUTO_APPROVE,HIGH
LC_1003886,0.0,0.0,0.0,CURRENT,0.0915,NONE,9.2,standard_performing_profile,AUTO_APPROVE,HIGH
LC_1003984,0.0,0.0,0.0,CURRENT,0.0894,NONE,8.9,standard_performing_profile,AUTO_APPROVE,HIGH
LC_1004028,0.0,0.0,0.0009,CURRENT,0.0864,NONE,8.6,standard_performing_profile,AUTO_APPROVE,HIGH
LC_1004106,0.0,0.0,0.0011,CURRENT,0.1173,NONE,11.7,standard_performing_profile,AUTO_APPROVE,HIGH
LC_1004222,0.0,0.0,0.0011,CURRENT,0.1278,NONE,12.8,standard_performing_profile,AUTO_APPROVE,HIGH
LC_1004271,0.0003,0.0003,0.0004,CURRENT,0.1293,NONE,12.9,standard_performing_profile,AUTO_APPROVE,HIGH
LC_1004325,0.0,0.0003,0.0,DEFAULT,0.1626,STATISTICAL_ANOMALY,16.3,multivariate_statistical_outlier,FLAG_FOR_REVIEW,HIGH
LC_1004342,0.0003,0.0003,0.0,CURRENT,0.1362,STATISTICAL_ANOMALY,13.6,multivariate_statistical_outlier,FLAG_FOR_REVIEW,HIGH
LC_1004384,0.0,0.0,0.0,CURRENT,0.1263,NONE,12.6,standard_performing_profile,AUTO_APPROVE,HIGH
LC_1004404,0.0003,0.0003,0.0004,CURRENT,0.0975,NONE,9.8,standard_performing_profile,AUTO_APPROVE,HIGH
LC_1004447,0.0003,0.0003,0.0004,CURRENT,0.0885,NONE,8.8,standard_performing_profile,AUTO_APPROVE,HIGH
LC_1004488,0.0003,0.0,0.0,CURRENT,0.1182,NONE,11.8,standard_performing_profile,AUTO_APPROVE,HIGH
LC_1004699,0.0003,0.0003,0.0009,CURRENT,0.1128,NONE,11.3,standard_performing_profile,AUTO_APPROVE,HIGH
LC_1004797,0.0244,0.1081,0.0,DELINQUENT_90,0.1269,HIGH_CREDIT_RISK,12.7,elevated_default_hazard,HIGH_RISK_REVIEW,HIGH
LC_1004915,0.0,0.0,0.0,CURRENT,0.3008,SOURCE_RECONCILIATION_CONFLICT,30.1,source_reconciliation_conflict,RECONCILE_SOURCE_CONFLICT,HIGH
LC_1004966,0.0003,0.0,0.0054,PREPAID,0.1299,NONE,13.0,standard_performing_profile,AUTO_APPROVE,HIGH
LC_1004990,0.0003,0.0003,0.0082,PREPAID,0.1635,STATISTICAL_ANOMALY,16.3,multivariate_statistical_outlier,FLAG_FOR_REVIEW,HIGH
LC_1005007,0.0003,0.0003,0.0004,CURRENT,0.0984,NONE,9.8,standard_performing_profile,AUTO_APPROVE,HIGH
LC_1005259,0.0003,0.0003,0.0004,CURRENT,0.1116,NONE,11.2,standard_performing_profile,AUTO_APPROVE,HIGH
LC_1005312,0.0,0.0,0.0,CURRENT,0.2996,SOURCE_RECONCILIATION_CONFLICT,30.0,source_reconciliation_conflict,RECONCILE_SOURCE_CONFLICT,HIGH
LC_1005317,0.0,0.0003,0.0011,CURRENT,0.0867,NONE,8.7,standard_performing_profile,AUTO_APPROVE,HIGH
LC_1005350,0.0003,0.0003,0.0,CURRENT,0.1317,NONE,13.2,standard_performing_profile,AUTO_APPROVE,HIGH
LC_1005512,0.0,0.0,0.0004,CURRENT,0.1248,NONE,12.5,standard_performing_profile,AUTO_APPROVE,HIGH
LC_1005564,0.0,0.0,0.0,DEFAULT,0.1599,STATISTICAL_ANOMALY,16.0,multivariate_statistical_outlier,FLAG_FOR_REVIEW,HIGH
LC_1005572,0.0,0.0,0.0,CURRENT,0.3416,SOURCE_RECONCILIATION_CONFLICT,34.2,source_reconciliation_conflict; multivariate_statistical_outlier,RECONCILE_SOURCE_CONFLICT,HIGH
LC_1005764,0.0,0.0,0.0,CURRENT,0.1092,NONE,10.9,standard_performing_profile,AUTO_APPROVE,HIGH
LC_1005792,0.0003,0.0003,0.0,CURRENT,0.1266,NONE,12.7,standard_performing_profile,AUTO_APPROVE,HIGH
LC_1005847,0.0,0.0,0.0,CURRENT,0.1239,NONE,12.4,standard_performing_profile,AUTO_APPROVE,HIGH
LC_1005921,0.0,0.0,0.0004,CURRENT,0.1068,NONE,10.7,standard_performing_profile,AUTO_APPROVE,HIGH
LC_1005975,0.0,0.0003,0.0004,CURRENT,0.1197,NONE,12.0,standard_performing_profile,AUTO_APPROVE,HIGH
LC_1005982,0.0,0.0,0.0009,CURRENT,0.1083,NONE,10.8,standard_performing_profile,AUTO_APPROVE,HIGH
LC_1006011,0.0003,0.0003,0.0013,PREPAID,0.1173,NONE,11.7,standard_performing_profile,AUTO_APPROVE,HIGH
LC_1006051,0.0,0.0,0.0,CURRENT,0.1215,NONE,12.2,standard_performing_profile,AUTO_APPROVE,HIGH
LC_1006173,0.0,0.0,0.0,CURRENT,0.1008,NONE,10.1,standard_performing_profile,AUTO_APPROVE,HIGH
LC_1006202,0.0,0.0003,0.0,CURRENT,0.1008,NONE,10.1,standard_performing_profile,AUTO_APPROVE,HIGH
LC_1006235,0.0,0.0,0.0004,CURRENT,0.0894,NONE,8.9,standard_performing_profile,AUTO_APPROVE,HIGH
LC_1006239,0.0028,0.0068,0.0013,DELINQUENT_30,0.147,STATISTICAL_ANOMALY,14.7,multivariate_statistical_outlier,FLAG_FOR_REVIEW,HIGH
LC_1006309,0.0003,0.0,0.0013,DELINQUENT_30,0.1257,NONE,12.6,standard_performing_profile,AUTO_APPROVE,HIGH
LC_1006315,0.0003,0.0,0.0,CURRENT,0.1365,STATISTICAL_ANOMALY,13.6,multivariate_statistical_outlier,FLAG_FOR_REVIEW,HIGH
LC_1006354,0.0,0.0,0.0009,CURRENT,0.0981,NONE,9.8,standard_performing_profile,AUTO_APPROVE,HIGH
LC_1006377,0.0003,0.0003,0.0004,CURRENT,0.0972,NONE,9.7,standard_performing_profile,AUTO_APPROVE,HIGH
LC_1006394,0.0003,0.0003,0.0004,CURRENT,0.1191,NONE,11.9,standard_performing_profile,AUTO_APPROVE,HIGH
LC_1006451,0.0,0.0003,0.0004,CURRENT,0.0981,NONE,9.8,standard_performing_profile,AUTO_APPROVE,HIGH
LC_1006518,0.0,0.0003,0.0004,CURRENT,0.099,NONE,9.9,standard_performing_profile,AUTO_APPROVE,HIGH
LC_1006532,0.0,0.0,0.0009,PREPAID,0.1512,STATISTICAL_ANOMALY,15.1,multivariate_statistical_outlier,FLAG_FOR_REVIEW,HIGH
LC_1006580,0.0,0.0,0.0,CURRENT,0.1041,NONE,10.4,standard_performing_profile,AUTO_APPROVE,HIGH
LC_1006593,0.0,0.0003,0.0004,CURRENT,0.1128,NONE,11.3,standard_performing_profile,AUTO_APPROVE,HIGH
LC_1006598,0.019,0.0863,0.0,DELINQUENT_90,0.1647,HIGH_CREDIT_RISK,16.5,elevated_default_hazard; multivariate_statistical_outlier,HIGH_RISK_REVIEW,HIGH
LC_1006649,0.0003,0.0,0.0,CURRENT,0.1275,NONE,12.8,standard_performing_profile,AUTO_APPROVE,HIGH
LC_1006664,0.0003,0.0003,0.0004,CURRENT,0.1341,STATISTICAL_ANOMALY,13.4,multivariate_statistical_outlier,FLAG_FOR_REVIEW,HIGH
LC_1006682,0.0003,0.0003,0.0,CURRENT,0.1095,NONE,11.0,standard_performing_profile,AUTO_APPROVE,HIGH
LC_1006713,0.0003,0.0003,0.0,CURRENT,0.0945,NONE,9.4,standard_performing_profile,AUTO_APPROVE,HIGH
LC_1006745,0.0003,0.0003,0.0,CURRENT,0.1386,STATISTICAL_ANOMALY,13.9,multivariate_statistical_outlier,FLAG_FOR_REVIEW,HIGH
LC_1006790,0.0,0.0,0.0,CURRENT,0.1308,NONE,13.1,standard_performing_profile,AUTO_APPROVE,HIGH
LC_1006874,0.0147,0.0513,0.0,DELINQUENT_90,0.1458,HIGH_CREDIT_RISK,14.6,elevated_default_hazard; multivariate_statistical_outlier,HIGH_RISK_REVIEW,HIGH
LC_1006880,0.0,0.0,0.0,CURRENT,0.0861,NONE,8.6,standard_performing_profile,AUTO_APPROVE,HIGH
LC_1006920,0.0,0.0003,0.0004,CURRENT,0.0975,NONE,9.8,standard_performing_profile,AUTO_APPROVE,HIGH
LC_1006934,0.0003,0.0003,0.001,CURRENT,0.0948,NONE,9.5,standard_performing_profile,AUTO_APPROVE,HIGH
LC_1006977,0.0,0.0,0.0,CURRENT,0.1167,NONE,11.7,standard_performing_profile,AUTO_APPROVE,HIGH
LC_1007136,0.0003,0.0003,0.0,CURRENT,0.1335,STATISTICAL_ANOMALY,13.4,multivariate_statistical_outlier,FLAG_FOR_REVIEW,HIGH
LC_1007177,0.0,0.0,0.0,CURRENT,0.1218,NONE,12.2,standard_performing_profile,AUTO_APPROVE,HIGH
LC_1007220,0.0,0.0,0.0004,CURRENT,0.105,NONE,10.5,standard_performing_profile,AUTO_APPROVE,HIGH
LC_1007228,0.0003,0.0003,0.0004,CURRENT,0.0861,NONE,8.6,standard_performing_profile,AUTO_APPROVE,HIGH
LC_1007250,0.0,0.0003,0.0,CURRENT,0.1089,NONE,10.9,standard_performing_profile,AUTO_APPROVE,HIGH
LC_1007289,0.0,0.0003,0.0004,CURRENT,0.0927,NONE,9.3,standard_performing_profile,AUTO_APPROVE,HIGH
LC_1007303,0.0003,0.0003,0.0,CURRENT,0.1332,NONE,13.3,standard_performing_profile,AUTO_APPROVE,HIGH
LC_1007356,0.0,0.0,0.0,CURRENT,0.3032,SOURCE_RECONCILIATION_CONFLICT,30.3,source_reconciliation_conflict,RECONCILE_SOURCE_CONFLICT,HIGH
LC_1007497,0.0,0.0,0.0,CURRENT,0.0999,NONE,10.0,standard_performing_profile,AUTO_APPROVE,HIGH
LC_1007505,0.0225,0.1081,0.0,DELINQUENT_90,0.1305,HIGH_CREDIT_RISK,13.0,elevated_default_hazard,HIGH_RISK_REVIEW,HIGH
LC_1007559,0.0003,0.0,0.0,CURRENT,0.1098,NONE,11.0,standard_performing_profile,AUTO_APPROVE,HIGH
LC_1007662,0.0003,0.0,0.0,CURRENT,0.0876,NONE,8.8,standard_performing_profile,AUTO_APPROVE,HIGH
LC_1007677,0.0,0.0,0.0,CURRENT,0.1026,NONE,10.3,standard_performing_profile,AUTO_APPROVE,HIGH
LC_1007685,0.0,0.0003,0.0,CURRENT,0.0975,NONE,9.8,standard_performing_profile,AUTO_APPROVE,HIGH
LC_1007721,0.0,0.0,0.0,CURRENT,0.1038,NONE,10.4,standard_performing_profile,AUTO_APPROVE,HIGH
LC_1007755,0.0,0.0,0.0,CURRENT,0.1017,NONE,10.2,standard_performing_profile,AUTO_APPROVE,HIGH
LC_1007796,0.0,0.0003,0.0,CURRENT,0.1302,NONE,13.0,standard_performing_profile,AUTO_APPROVE,HIGH
LC_1007839,0.0,0.0,0.0,CURRENT,0.111,NONE,11.1,standard_performing_profile,AUTO_APPROVE,HIGH
LC_1007885,0.0003,0.0003,0.0,CURRENT,0.1215,NONE,12.2,standard_performing_profile,AUTO_APPROVE,HIGH
LC_1007895,0.0,0.0,0.0,CURRENT,0.144,STATISTICAL_ANOMALY,14.4,multivariate_statistical_outlier,FLAG_FOR_REVIEW,HIGH
LC_1007948,0.0003,0.0003,0.0,CURRENT,0.1158,NONE,11.6,standard_performing_profile,AUTO_APPROVE,HIGH
LC_1007985,0.0,0.0,0.0,CURRENT,0.1245,NONE,12.4,standard_performing_profile,AUTO_APPROVE,HIGH
LC_1008010,0.0,0.0,0.0004,CURRENT,0.0981,NONE,9.8,standard_performing_profile,AUTO_APPROVE,HIGH
LC_1008039,0.0003,0.0003,0.0023,PREPAID,0.1269,NONE,12.7,standard_performing_profile,AUTO_APPROVE,HIGH
LC_1008074,0.0003,0.0003,0.0009,CURRENT,0.1383,STATISTICAL_ANOMALY,13.8,multivariate_statistical_outlier,FLAG_FOR_REVIEW,HIGH
LC_1008116,0.0,0.0,0.0,DEFAULT,0.1293,NONE,12.9,standard_performing_profile,AUTO_APPROVE,HIGH
LC_1008137,0.0003,0.0003,0.0011,CURRENT,0.2846,SOURCE_RECONCILIATION_CONFLICT,28.5,source_reconciliation_conflict,RECONCILE_SOURCE_CONFLICT,HIGH
LC_1008151,0.0003,0.0003,0.0,CURRENT,0.0807,NONE,8.1,standard_performing_profile,AUTO_APPROVE,HIGH
LC_1008187,0.0061,0.008,0.0116,DELINQUENT_30,0.1068,NONE,10.7,standard_performing_profile,FLAG_FOR_REVIEW,HIGH
LC_1008223,0.0,0.0,0.0,PREPAID,0.1401,STATISTICAL_ANOMALY,14.0,multivariate_statistical_outlier,FLAG_FOR_REVIEW,HIGH
LC_1008248,0.0061,0.0053,0.0056,DELINQUENT_30,0.1137,NONE,11.4,standard_performing_profile,FLAG_FOR_REVIEW,HIGH
LC_1008295,0.0,0.0,0.0,CURRENT,0.0981,NONE,9.8,standard_performing_profile,AUTO_APPROVE,HIGH
LC_1008316,0.0,0.0,0.0,CURRENT,0.1368,STATISTICAL_ANOMALY,13.7,multivariate_statistical_outlier,FLAG_FOR_REVIEW,HIGH
LC_1008345,0.0,0.0003,0.0004,CURRENT,0.0873,NONE,8.7,standard_performing_profile,AUTO_APPROVE,HIGH
LC_1008352,0.0,0.0,0.0,CURRENT,0.1221,NONE,12.2,standard_performing_profile,AUTO_APPROVE,HIGH
LC_1008360,0.0,0.0,0.0,CURRENT,0.105,NONE,10.5,standard_performing_profile,AUTO_APPROVE,HIGH
LC_1008365,0.0,0.0,0.0,CURRENT,0.1155,NONE,11.5,standard_performing_profile,AUTO_APPROVE,HIGH
LC_1008373,0.0,0.0003,0.001,CURRENT,0.1032,NONE,10.3,standard_performing_profile,AUTO_APPROVE,HIGH
LC_1008474,0.0,0.0003,0.0,DEFAULT,0.159,STATISTICAL_ANOMALY,15.9,multivariate_statistical_outlier,FLAG_FOR_REVIEW,HIGH
LC_1008485,0.0041,0.008,0.0077,DELINQUENT_30,0.1035,NONE,10.4,standard_performing_profile,AUTO_APPROVE,HIGH
LC_1008508,0.0,0.0,0.006,PREPAID,0.1542,STATISTICAL_ANOMALY,15.4,multivariate_statistical_outlier,FLAG_FOR_REVIEW,HIGH
LC_1008516,0.0,0.0003,0.0004,CURRENT,0.0963,NONE,9.6,standard_performing_profile,AUTO_APPROVE,HIGH
LC_1008586,0.0,0.0003,0.0004,CURRENT,0.0933,NONE,9.3,standard_performing_profile,AUTO_APPROVE,HIGH
LC_1008590,0.0003,0.0003,0.0004,CURRENT,0.0759,NONE,7.6,standard_performing_profile,AUTO_APPROVE,HIGH
LC_1008616,0.0003,0.0,0.0004,CURRENT,0.1065,NONE,10.6,standard_performing_profile,AUTO_APPROVE,HIGH
LC_1008763,0.0,0.0,0.0,CURRENT,0.1149,NONE,11.5,standard_performing_profile,AUTO_APPROVE,HIGH
LC_1008766,0.0,0.0,0.0,CURRENT,0.0954,NONE,9.5,standard_performing_profile,AUTO_APPROVE,HIGH
LC_1008781,0.0003,0.0,0.0028,PREPAID,0.1479,STATISTICAL_ANOMALY,14.8,multivariate_statistical_outlier,FLAG_FOR_REVIEW,HIGH
LC_1008951,0.0,0.0003,0.0,CURRENT,0.1224,NONE,12.2,standard_performing_profile,AUTO_APPROVE,HIGH
LC_1008957,0.0003,0.0003,0.0004,CURRENT,0.1275,NONE,12.8,standard_performing_profile,AUTO_APPROVE,HIGH
LC_1009033,0.0,0.0,0.0,CURRENT,0.1167,NONE,11.7,standard_performing_profile,AUTO_APPROVE,HIGH
LC_1009038,0.0,0.0,0.0004,CURRENT,0.1035,NONE,10.4,standard_performing_profile,AUTO_APPROVE,HIGH
LC_1009061,0.0,0.0,0.0,CURRENT,0.1116,NONE,11.2,standard_performing_profile,AUTO_APPROVE,HIGH
LC_1009134,0.0,0.0003,0.0,DEFAULT,0.1452,STATISTICAL_ANOMALY,14.5,multivariate_statistical_outlier,FLAG_FOR_REVIEW,HIGH
LC_1009194,0.0,0.0,0.0004,CURRENT,0.0972,NONE,9.7,standard_performing_profile,AUTO_APPROVE,HIGH
LC_1009229,0.0,0.0,0.0,CURRENT,0.0897,NONE,9.0,standard_performing_profile,AUTO_APPROVE,HIGH
LC_1009234,0.0003,0.0,0.0,CURRENT,0.1194,NONE,11.9,standard_performing_profile,AUTO_APPROVE,HIGH
LC_1009264,0.0225,0.1196,0.0,DELINQUENT_90,0.1461,HIGH_CREDIT_RISK,14.6,elevated_default_hazard; multivariate_statistical_outlier,HIGH_RISK_REVIEW,HIGH
LC_1009284,0.0,0.0,0.0,CURRENT,0.0912,NONE,9.1,standard_performing_profile,AUTO_APPROVE,HIGH
LC_1009331,0.0003,0.0003,0.0,CURRENT,0.1425,STATISTICAL_ANOMALY,14.2,multivariate_statistical_outlier,FLAG_FOR_REVIEW,HIGH
LC_1009355,0.0,0.0,0.0,CURRENT,0.1017,NONE,10.2,standard_performing_profile,AUTO_APPROVE,HIGH
LC_1009356,0.0,0.0,0.0,CURRENT,0.0864,NONE,8.6,standard_performing_profile,AUTO_APPROVE,HIGH
LC_1009367,0.0,0.0,0.0,CURRENT,0.1017,NONE,10.2,standard_performing_profile,AUTO_APPROVE,HIGH
LC_1009378,0.0003,0.0,0.0,CURRENT,0.2849,SOURCE_RECONCILIATION_CONFLICT,28.5,source_reconciliation_conflict,RECONCILE_SOURCE_CONFLICT,HIGH
LC_1009427,0.0,0.0,0.0,CURRENT,0.1143,NONE,11.4,standard_performing_profile,AUTO_APPROVE,HIGH
LC_1009498,0.0,0.0,0.0,CURRENT,0.0945,NONE,9.4,standard_performing_profile,AUTO_APPROVE,HIGH
LC_1009577,0.0,0.0,0.0,CURRENT,0.1131,NONE,11.3,standard_performing_profile,AUTO_APPROVE,HIGH
LC_1009606,0.0003,0.0003,0.0004,CURRENT,0.2888,SOURCE_RECONCILIATION_CONFLICT,28.9,source_reconciliation_conflict,RECONCILE_SOURCE_CONFLICT,HIGH
LC_1009676,0.0,0.0003,0.0004,CURRENT,0.0969,NONE,9.7,standard_performing_profile,AUTO_APPROVE,HIGH
LC_1009690,0.0,0.0,0.0,CURRENT,0.1092,NONE,10.9,standard_performing_profile,AUTO_APPROVE,HIGH
LC_1009742,0.0003,0.0003,0.0,CURRENT,0.1113,NONE,11.1,standard_performing_profile,AUTO_APPROVE,HIGH
LC_1009749,0.0,0.0003,0.0004,CURRENT,0.3392,SOURCE_RECONCILIATION_CONFLICT,33.9,source_reconciliation_conflict; multivariate_statistical_outlier,RECONCILE_SOURCE_CONFLICT,HIGH
LC_1009811,0.0003,0.0,0.0008,DELINQUENT_30,0.1278,NONE,12.8,standard_performing_profile,AUTO_APPROVE,HIGH
LC_1009841,0.0003,0.0,0.0023,PREPAID,0.1305,NONE,13.0,standard_performing_profile,AUTO_APPROVE,HIGH
LC_1009892,0.0003,0.0,0.0009,CURRENT,0.0774,NONE,7.7,standard_performing_profile,AUTO_APPROVE,HIGH
LC_1009995,0.0003,0.0003,0.0,CURRENT,0.1665,STATISTICAL_ANOMALY,16.6,multivariate_statistical_outlier,FLAG_FOR_REVIEW,HIGH
LC_1010022,0.0,0.0003,0.0004,CURRENT,0.0843,NONE,8.4,standard_performing_profile,AUTO_APPROVE,HIGH
LC_1010127,0.0003,0.0,0.0053,DELINQUENT_60,0.1218,NONE,12.2,standard_performing_profile,AUTO_APPROVE,HIGH
LC_1010154,0.0,0.0,0.0,CURRENT,0.1086,NONE,10.9,standard_performing_profile,AUTO_APPROVE,HIGH
LC_1010210,0.0,0.0003,0.0,CURRENT,0.114,NONE,11.4,standard_performing_profile,AUTO_APPROVE,HIGH
LC_1010227,0.0,0.0,0.0004,CURRENT,0.1311,NONE,13.1,standard_performing_profile,AUTO_APPROVE,HIGH
LC_1010263,0.0,0.0003,0.0,CURRENT,0.1065,NONE,10.6,standard_performing_profile,AUTO_APPROVE,HIGH
LC_1010322,0.0,0.0,0.0,CURRENT,0.1128,NONE,11.3,standard_performing_profile,AUTO_APPROVE,HIGH
LC_1010347,0.0003,0.0003,0.0,CURRENT,0.1065,NONE,10.6,standard_performing_profile,AUTO_APPROVE,HIGH
LC_1010389,0.0,0.0,0.0007,PREPAID,0.1377,STATISTICAL_ANOMALY,13.8,multivariate_statistical_outlier,FLAG_FOR_REVIEW,HIGH
LC_1010429,0.0,0.0,0.0,CURRENT,0.1263,NONE,12.6,standard_performing_profile,AUTO_APPROVE,HIGH
LC_1010434,0.0,0.0003,0.0,CURRENT,0.1191,NONE,11.9,standard_performing_profile,AUTO_APPROVE,HIGH
LC_1010504,0.0,0.0,0.0,CURRENT,0.1365,STATISTICAL_ANOMALY,13.6,multivariate_statistical_outlier,FLAG_FOR_REVIEW,HIGH
LC_1010522,0.0074,0.018,0.0027,DELINQUENT_60,0.1203,NONE,12.0,standard_performing_profile,FLAG_FOR_REVIEW,HIGH
LC_1010594,0.0,0.0,0.0,CURRENT,0.1068,NONE,10.7,standard_performing_profile,AUTO_APPROVE,HIGH
LC_1010624,0.0003,0.0,0.0009,CURRENT,0.0972,NONE,9.7,standard_performing_profile,AUTO_APPROVE,HIGH
LC_1010696,0.0003,0.0003,0.0004,CURRENT,0.0888,NONE,8.9,standard_performing_profile,AUTO_APPROVE,HIGH
LC_1010782,0.0,0.0,0.0,CURRENT,0.114,NONE,11.4,standard_performing_profile,AUTO_APPROVE,HIGH
LC_1010790,0.0,0.0003,0.0002,DEFAULT,0.1509,STATISTICAL_ANOMALY,15.1,multivariate_statistical_outlier,FLAG_FOR_REVIEW,HIGH
LC_1010801,0.0,0.0,0.0,CURRENT,0.1149,NONE,11.5,standard_performing_profile,AUTO_APPROVE,HIGH
LC_1010845,0.0,0.0,0.0004,CURRENT,0.1092,NONE,10.9,standard_performing_profile,AUTO_APPROVE,HIGH
LC_1010879,0.0,0.0,0.001,PREPAID,0.1587,STATISTICAL_ANOMALY,15.9,multivariate_statistical_outlier,FLAG_FOR_REVIEW,HIGH
LC_1010914,0.0,0.0,0.0,CURRENT,0.1314,NONE,13.1,standard_performing_profile,AUTO_APPROVE,HIGH
LC_1010959,0.0,0.0,0.0,CURRENT,0.1287,NONE,12.9,standard_performing_profile,AUTO_APPROVE,HIGH
LC_1011007,0.0,0.0,0.0004,CURRENT,0.1317,NONE,13.2,standard_performing_profile,AUTO_APPROVE,HIGH
LC_1011012,0.0097,0.0209,0.0004,DELINQUENT_90,0.1266,NONE,12.7,standard_performing_profile,FLAG_FOR_REVIEW,HIGH
LC_1011062,0.0003,0.0003,0.0009,CURRENT,0.0969,NONE,9.7,standard_performing_profile,AUTO_APPROVE,HIGH
LC_1011071,0.0074,0.0075,0.0015,DELINQUENT_30,0.1194,NONE,11.9,standard_performing_profile,FLAG_FOR_REVIEW,HIGH
LC_1011140,0.0,0.0003,0.0,DEFAULT,0.1323,NONE,13.2,standard_performing_profile,AUTO_APPROVE,HIGH
LC_1011143,0.0003,0.0,0.0004,CURRENT,0.0888,NONE,8.9,standard_performing_profile,AUTO_APPROVE,HIGH
LC_1011222,0.0,0.0,0.0,CURRENT,0.1296,NONE,13.0,standard_performing_profile,AUTO_APPROVE,HIGH
LC_1011223,0.0003,0.0003,0.0004,CURRENT,0.1302,NONE,13.0,standard_performing_profile,AUTO_APPROVE,HIGH
LC_1011230,0.0,0.0003,0.0,DEFAULT,0.1485,STATISTICAL_ANOMALY,14.8,multivariate_statistical_outlier,FLAG_FOR_REVIEW,HIGH
LC_1011265,0.0,0.0,0.0,DEFAULT,0.1554,STATISTICAL_ANOMALY,15.5,multivariate_statistical_outlier,FLAG_FOR_REVIEW,HIGH
LC_1011346,0.0003,0.0003,0.0008,CURRENT,0.1137,NONE,11.4,standard_performing_profile,AUTO_APPROVE,HIGH
LC_1011374,0.0,0.0,0.0004,CURRENT,0.1152,NONE,11.5,standard_performing_profile,AUTO_APPROVE,HIGH
LC_1011396,0.0003,0.0003,0.0,CURRENT,0.135,STATISTICAL_ANOMALY,13.5,multivariate_statistical_outlier,FLAG_FOR_REVIEW,HIGH
LC_1011535,0.0003,0.0003,0.0,CURRENT,0.1191,NONE,11.9,standard_performing_profile,AUTO_APPROVE,HIGH
LC_1011605,0.0,0.0,0.0,CURRENT,0.114,NONE,11.4,standard_performing_profile,AUTO_APPROVE,HIGH
LC_1011615,0.0003,0.0,0.0,CURRENT,0.1032,NONE,10.3,standard_performing_profile,AUTO_APPROVE,HIGH
LC_1011743,0.0,0.0,0.0,CURRENT,0.0999,NONE,10.0,standard_performing_profile,AUTO_APPROVE,HIGH
LC_1011751,0.0,0.0,0.0,CURRENT,0.1251,NONE,12.5,standard_performing_profile,AUTO_APPROVE,HIGH
LC_1011752,0.0,0.0,0.0,CURRENT,0.108,NONE,10.8,standard_performing_profile,AUTO_APPROVE,HIGH
LC_1011792,0.0,0.0003,0.0004,CURRENT,0.3284,SOURCE_RECONCILIATION_CONFLICT,32.8,source_reconciliation_conflict,RECONCILE_SOURCE_CONFLICT,HIGH
LC_1011977,0.0,0.0,0.0004,CURRENT,0.1044,NONE,10.4,standard_performing_profile,AUTO_APPROVE,HIGH
LC_1012010,0.0,0.0003,0.0004,CURRENT,0.102,NONE,10.2,standard_performing_profile,AUTO_APPROVE,HIGH
LC_1012023,0.0,0.0,0.0009,CURRENT,0.0957,NONE,9.6,standard_performing_profile,AUTO_APPROVE,HIGH
LC_1012032,0.0,0.0,0.0004,CURRENT,0.1317,NONE,13.2,standard_performing_profile,AUTO_APPROVE,HIGH
LC_1012053,0.0,0.0,0.0,CURRENT,0.1131,NONE,11.3,standard_performing_profile,AUTO_APPROVE,HIGH
LC_1012060,0.0,0.0003,0.0004,CURRENT,0.096,NONE,9.6,standard_performing_profile,AUTO_APPROVE,HIGH
LC_1012093,0.0,0.0,0.0,CURRENT,0.1017,NONE,10.2,standard_performing_profile,AUTO_APPROVE,HIGH
LC_1012102,0.0,0.0003,0.0,DEFAULT,0.1383,STATISTICAL_ANOMALY,13.8,multivariate_statistical_outlier,FLAG_FOR_REVIEW,HIGH
LC_1012114,0.0,0.0,0.0,CURRENT,0.308,SOURCE_RECONCILIATION_CONFLICT,30.8,source_reconciliation_conflict,RECONCILE_SOURCE_CONFLICT,HIGH
LC_1012196,0.0,0.0,0.0,CURRENT,0.129,NONE,12.9,standard_performing_profile,AUTO_APPROVE,HIGH
LC_1012252,0.0,0.0,0.0,CURRENT,0.1311,NONE,13.1,standard_performing_profile,AUTO_APPROVE,HIGH
LC_1012259,0.0003,0.0,0.0004,CURRENT,0.0915,NONE,9.2,standard_performing_profile,AUTO_APPROVE,HIGH
LC_1012281,0.0,0.0003,0.0,CURRENT,0.135,STATISTICAL_ANOMALY,13.5,multivariate_statistical_outlier,FLAG_FOR_REVIEW,HIGH
LC_1012286,0.0,0.0,0.0,CURRENT,0.1218,NONE,12.2,standard_performing_profile,AUTO_APPROVE,HIGH
LC_1012307,0.0003,0.0,0.0004,CURRENT,0.0945,NONE,9.4,standard_performing_profile,AUTO_APPROVE,HIGH
LC_1012326,0.0,0.0,0.0,CURRENT,0.0999,NONE,10.0,standard_performing_profile,AUTO_APPROVE,HIGH
LC_1012332,0.0,0.0,0.0009,PREPAID,0.1362,STATISTICAL_ANOMALY,13.6,multivariate_statistical_outlier,FLAG_FOR_REVIEW,HIGH
LC_1012374,0.0003,0.0003,0.0029,PREPAID,0.1434,STATISTICAL_ANOMALY,14.3,multivariate_statistical_outlier,FLAG_FOR_REVIEW,HIGH
LC_1012408,0.0003,0.0,0.0,CURRENT,0.1212,NONE,12.1,standard_performing_profile,AUTO_APPROVE,HIGH
LC_1012440,0.0,0.0003,0.0004,CURRENT,0.0837,NONE,8.4,standard_performing_profile,AUTO_APPROVE,HIGH
LC_1012484,0.0003,0.0,0.0004,CURRENT,0.0852,NONE,8.5,standard_performing_profile,AUTO_APPROVE,HIGH
LC_1012565,0.0,0.0003,0.0004,CURRENT,0.117,NONE,11.7,standard_performing_profile,AUTO_APPROVE,HIGH
LC_1012608,0.0,0.0,0.0,CURRENT,0.1314,NONE,13.1,standard_performing_profile,AUTO_APPROVE,HIGH
LC_1012609,0.0,0.0003,0.0004,CURRENT,0.0867,NONE,8.7,standard_performing_profile,AUTO_APPROVE,HIGH
LC_1012620,0.0,0.0,0.0,PREPAID,0.1461,STATISTICAL_ANOMALY,14.6,multivariate_statistical_outlier,FLAG_FOR_REVIEW,HIGH
LC_1012642,0.0,0.0,0.0,CURRENT,0.0924,NONE,9.2,standard_performing_profile,AUTO_APPROVE,HIGH
LC_1012643,0.0,0.0,0.0,CURRENT,0.1371,STATISTICAL_ANOMALY,13.7,multivariate_statistical_outlier,FLAG_FOR_REVIEW,HIGH
LC_1012727,0.0003,0.0003,0.0004,CURRENT,0.102,NONE,10.2,standard_performing_profile,AUTO_APPROVE,HIGH
LC_1012739,0.0041,0.008,0.0064,DELINQUENT_30,0.1125,NONE,11.2,standard_performing_profile,AUTO_APPROVE,HIGH
LC_1012778,0.0,0.0003,0.0,DEFAULT,0.138,STATISTICAL_ANOMALY,13.8,multivariate_statistical_outlier,FLAG_FOR_REVIEW,HIGH
LC_1012785,0.0003,0.0,0.0,CURRENT,0.0942,NONE,9.4,standard_performing_profile,AUTO_APPROVE,HIGH
LC_1012787,0.0,0.0003,0.0004,CURRENT,0.087,NONE,8.7,standard_performing_profile,AUTO_APPROVE,HIGH
LC_1012893,0.0,0.0003,0.0,CURRENT,0.1095,NONE,11.0,standard_performing_profile,AUTO_APPROVE,HIGH
LC_1012897,0.0,0.0,0.0,CURRENT,0.1437,STATISTICAL_ANOMALY,14.4,multivariate_statistical_outlier,FLAG_FOR_REVIEW,HIGH
LC_1012904,0.0003,0.0003,0.006,PREPAID,0.1242,NONE,12.4,standard_performing_profile,AUTO_APPROVE,HIGH
LC_1012908,0.0,0.0,0.0,CURRENT,0.114,NONE,11.4,standard_performing_profile,AUTO_APPROVE,HIGH
LC_1012912,0.0003,0.0003,0.0,CURRENT,0.1464,STATISTICAL_ANOMALY,14.6,multivariate_statistical_outlier,FLAG_FOR_REVIEW,HIGH
LC_1013022,0.0,0.0003,0.0,DEFAULT,0.1659,STATISTICAL_ANOMALY,16.6,multivariate_statistical_outlier,FLAG_FOR_REVIEW,HIGH
LC_1013042,0.0,0.0,0.0,CURRENT,0.117,NONE,11.7,standard_performing_profile,AUTO_APPROVE,HIGH
LC_1013060,0.0,0.0,0.0,CURRENT,0.2882,SOURCE_RECONCILIATION_CONFLICT,28.8,source_reconciliation_conflict,RECONCILE_SOURCE_CONFLICT,HIGH
LC_1013190,0.0003,0.0003,0.0093,PREPAID,0.1302,NONE,13.0,standard_performing_profile,AUTO_APPROVE,HIGH
LC_1013196,0.0,0.0,0.0004,CURRENT,0.0954,NONE,9.5,standard_performing_profile,AUTO_APPROVE,HIGH
LC_1013207,0.0003,0.0003,0.0,CURRENT,0.1245,NONE,12.4,standard_performing_profile,AUTO_APPROVE,HIGH
LC_1013218,0.0,0.0003,0.0,CURRENT,0.0954,NONE,9.5,standard_performing_profile,AUTO_APPROVE,HIGH
LC_1013352,0.0,0.0,0.0,CURRENT,0.1155,NONE,11.5,standard_performing_profile,AUTO_APPROVE,HIGH
LC_1013357,0.0003,0.0003,0.0004,CURRENT,0.1041,NONE,10.4,standard_performing_profile,AUTO_APPROVE,HIGH
LC_1013367,0.0,0.0,0.0,CURRENT,0.0951,NONE,9.5,standard_performing_profile,AUTO_APPROVE,HIGH
LC_1013463,0.0003,0.0003,0.0004,CURRENT,0.0939,NONE,9.4,standard_performing_profile,AUTO_APPROVE,HIGH
LC_1013526,0.0,0.0003,0.001,CURRENT,0.0867,NONE,8.7,standard_performing_profile,AUTO_APPROVE,HIGH
LC_1013538,0.0,0.0,0.0,CURRENT,0.0933,NONE,9.3,standard_performing_profile,AUTO_APPROVE,HIGH
LC_1013572,0.0003,0.0003,0.0009,CURRENT,0.1191,NONE,11.9,standard_performing_profile,AUTO_APPROVE,HIGH
LC_1013593,0.0,0.0003,0.0004,CURRENT,0.1365,STATISTICAL_ANOMALY,13.6,multivariate_statistical_outlier,FLAG_FOR_REVIEW,HIGH
LC_1013677,0.0003,0.0,0.0,CURRENT,0.1095,NONE,11.0,standard_performing_profile,AUTO_APPROVE,HIGH
LC_1013702,0.0,0.0,0.0,CURRENT,0.1062,NONE,10.6,standard_performing_profile,AUTO_APPROVE,HIGH
LC_1013822,0.0,0.0,0.0,CURRENT,0.2993,SOURCE_RECONCILIATION_CONFLICT,29.9,source_reconciliation_conflict,RECONCILE_SOURCE_CONFLICT,HIGH
LC_1013903,0.0,0.0,0.0,CURRENT,0.1185,NONE,11.8,standard_performing_profile,AUTO_APPROVE,HIGH
LC_1013906,0.0003,0.0003,0.0004,CURRENT,0.0978,NONE,9.8,standard_performing_profile,AUTO_APPROVE,HIGH
LC_1013915,0.0003,0.0003,0.0191,PREPAID,0.1398,STATISTICAL_ANOMALY,14.0,multivariate_statistical_outlier,FLAG_FOR_REVIEW,HIGH
LC_1013966,0.0,0.0,0.0,CURRENT,0.132,NONE,13.2,standard_performing_profile,AUTO_APPROVE,HIGH
LC_1013973,0.0003,0.0003,0.0,CURRENT,0.1527,STATISTICAL_ANOMALY,15.3,multivariate_statistical_outlier,FLAG_FOR_REVIEW,HIGH
LC_1013999,0.0,0.0003,0.0011,CURRENT,0.1242,NONE,12.4,standard_performing_profile,AUTO_APPROVE,HIGH
LC_1014048,0.0,0.0,0.0,CURRENT,0.1137,NONE,11.4,standard_performing_profile,AUTO_APPROVE,HIGH
LC_1014061,0.0,0.0003,0.0,DEFAULT,0.3632,SOURCE_RECONCILIATION_CONFLICT,36.3,source_reconciliation_conflict; multivariate_statistical_outlier,RECONCILE_SOURCE_CONFLICT,HIGH
LC_1014065,0.0,0.0,0.0,CURRENT,0.1206,NONE,12.1,standard_performing_profile,AUTO_APPROVE,HIGH
LC_1014073,0.0003,0.0003,0.0,CURRENT,0.0984,NONE,9.8,standard_performing_profile,AUTO_APPROVE,HIGH
LC_1014118,0.0174,0.0281,0.0004,DELINQUENT_60,0.1536,STATISTICAL_ANOMALY,15.4,multivariate_statistical_outlier,FLAG_FOR_REVIEW,HIGH
LC_1014193,0.0,0.0,0.0,CURRENT,0.1137,NONE,11.4,standard_performing_profile,AUTO_APPROVE,HIGH
LC_1014221,0.0,0.0,0.0,CURRENT,0.1614,STATISTICAL_ANOMALY,16.1,multivariate_statistical_outlier,FLAG_FOR_REVIEW,HIGH
LC_1014234,0.0003,0.0003,0.0,CURRENT,0.1095,NONE,11.0,standard_performing_profile,AUTO_APPROVE,HIGH
LC_1014263,0.0,0.0003,0.0,CURRENT,0.1251,NONE,12.5,standard_performing_profile,AUTO_APPROVE,HIGH
LC_1014359,0.0003,0.0003,0.0,CURRENT,0.1032,NONE,10.3,standard_performing_profile,AUTO_APPROVE,HIGH
LC_1014361,0.0028,0.0073,0.0071,DELINQUENT_30,0.1089,NONE,10.9,standard_performing_profile,AUTO_APPROVE,HIGH
LC_1014366,0.0,0.0,0.0,CURRENT,0.1083,NONE,10.8,standard_performing_profile,AUTO_APPROVE,HIGH
LC_1014458,0.0,0.0,0.0004,CURRENT,0.084,NONE,8.4,standard_performing_profile,AUTO_APPROVE,HIGH
LC_1014487,0.0003,0.0003,0.0013,PREPAID,0.1149,NONE,11.5,standard_performing_profile,AUTO_APPROVE,HIGH
LC_1014510,0.0,0.0,0.0,CURRENT,0.3161,SOURCE_RECONCILIATION_CONFLICT,31.6,source_reconciliation_conflict,RECONCILE_SOURCE_CONFLICT,HIGH
LC_1014518,0.0,0.0,0.0,CURRENT,0.3278,SOURCE_RECONCILIATION_CONFLICT,32.8,source_reconciliation_conflict,RECONCILE_SOURCE_CONFLICT,HIGH
LC_1014620,0.0003,0.0,0.0029,PREPAID,0.1503,STATISTICAL_ANOMALY,15.0,multivariate_statistical_outlier,FLAG_FOR_REVIEW,HIGH
LC_1014630,0.0,0.0003,0.0,DEFAULT,0.1479,STATISTICAL_ANOMALY,14.8,multivariate_statistical_outlier,FLAG_FOR_REVIEW,HIGH
LC_1014655,0.0,0.0003,0.0004,CURRENT,0.1152,NONE,11.5,standard_performing_profile,AUTO_APPROVE,HIGH
LC_1014673,0.0,0.0,0.0,CURRENT,0.1113,NONE,11.1,standard_performing_profile,AUTO_APPROVE,HIGH
LC_1014690,0.0003,0.0,0.0035,PREPAID,0.1494,STATISTICAL_ANOMALY,14.9,multivariate_statistical_outlier,FLAG_FOR_REVIEW,HIGH
LC_1014717,0.0003,0.0003,0.0,CURRENT,0.1077,NONE,10.8,standard_performing_profile,AUTO_APPROVE,HIGH
LC_1014738,0.0,0.0003,0.0,CURRENT,0.1461,STATISTICAL_ANOMALY,14.6,multivariate_statistical_outlier,FLAG_FOR_REVIEW,HIGH
LC_1014767,0.0003,0.0,0.0011,DELINQUENT_60,0.1518,STATISTICAL_ANOMALY,15.2,multivariate_statistical_outlier,FLAG_FOR_REVIEW,HIGH
LC_1014774,0.0,0.0,0.0,CURRENT,0.2843,SOURCE_RECONCILIATION_CONFLICT,28.4,source_reconciliation_conflict,RECONCILE_SOURCE_CONFLICT,HIGH
LC_1014782,0.0,0.0003,0.0,CURRENT,0.1092,NONE,10.9,standard_performing_profile,AUTO_APPROVE,HIGH
LC_1014921,0.0074,0.0167,0.0035,DELINQUENT_60,0.1452,STATISTICAL_ANOMALY,14.5,multivariate_statistical_outlier,FLAG_FOR_REVIEW,HIGH
LC_1014945,0.0003,0.0003,0.0004,CURRENT,0.1092,NONE,10.9,standard_performing_profile,AUTO_APPROVE,HIGH
LC_1014962,0.0,0.0,0.001,CURRENT,0.0966,NONE,9.7,standard_performing_profile,AUTO_APPROVE,HIGH
LC_1014979,0.0,0.0,0.0,CURRENT,0.1296,NONE,13.0,standard_performing_profile,AUTO_APPROVE,HIGH
LC_1014982,0.0003,0.0,0.0,CURRENT,0.1131,NONE,11.3,standard_performing_profile,AUTO_APPROVE,HIGH
LC_1014986,0.0,0.0,0.0,CURRENT,0.1173,NONE,11.7,standard_performing_profile,AUTO_APPROVE,HIGH
LC_1015035,0.0,0.0,0.0,CURRENT,0.1275,NONE,12.8,standard_performing_profile,AUTO_APPROVE,HIGH
LC_1015055,0.0,0.0,0.0004,CURRENT,0.0981,NONE,9.8,standard_performing_profile,AUTO_APPROVE,HIGH
LC_1015115,0.0,0.0,0.0,CURRENT,0.1056,NONE,10.6,standard_performing_profile,AUTO_APPROVE,HIGH
LC_1015172,0.0,0.0,0.0,CURRENT,0.0966,NONE,9.7,standard_performing_profile,AUTO_APPROVE,HIGH
LC_1015280,0.0,0.0003,0.0,CURRENT,0.1086,NONE,10.9,standard_performing_profile,AUTO_APPROVE,HIGH
LC_1015320,0.0,0.0,0.0004,CURRENT,0.1206,NONE,12.1,standard_performing_profile,AUTO_APPROVE,HIGH
LC_1015335,0.0003,0.0003,0.0004,CURRENT,0.0963,NONE,9.6,standard_performing_profile,AUTO_APPROVE,HIGH
LC_1015380,0.0,0.0,0.0004,CURRENT,0.1419,STATISTICAL_ANOMALY,14.2,multivariate_statistical_outlier,FLAG_FOR_REVIEW,HIGH
LC_1015428,0.0,0.0003,0.0,DEFAULT,0.1668,STATISTICAL_ANOMALY,16.7,multivariate_statistical_outlier,FLAG_FOR_REVIEW,HIGH
LC_1015469,0.0,0.0,0.0,DEFAULT,0.1644,STATISTICAL_ANOMALY,16.4,multivariate_statistical_outlier,FLAG_FOR_REVIEW,HIGH
LC_1015471,0.0003,0.0003,0.0004,CURRENT,0.1041,NONE,10.4,standard_performing_profile,AUTO_APPROVE,HIGH
LC_1015503,0.0003,0.0003,0.0,CURRENT,0.3053,SOURCE_RECONCILIATION_CONFLICT,30.5,source_reconciliation_conflict,RECONCILE_SOURCE_CONFLICT,HIGH
LC_1015506,0.0,0.0,0.0,CURRENT,0.1083,NONE,10.8,standard_performing_profile,AUTO_APPROVE,HIGH
LC_1015543,0.0,0.0,0.0004,CURRENT,0.0888,NONE,8.9,standard_performing_profile,AUTO_APPROVE,HIGH
LC_1015570,0.0003,0.0003,0.0074,PREPAID,0.1494,STATISTICAL_ANOMALY,14.9,multivariate_statistical_outlier,FLAG_FOR_REVIEW,HIGH
LC_1015579,0.0003,0.0003,0.0,CURRENT,0.1023,NONE,10.2,standard_performing_profile,AUTO_APPROVE,HIGH
LC_1015580,0.0,0.0,0.0004,CURRENT,0.114,NONE,11.4,standard_performing_profile,AUTO_APPROVE,HIGH
LC_1015601,0.0,0.0,0.0,CURRENT,0.1119,NONE,11.2,standard_performing_profile,AUTO_APPROVE,HIGH
LC_1015657,0.0003,0.0003,0.0,CURRENT,0.1245,NONE,12.4,standard_performing_profile,AUTO_APPROVE,HIGH
LC_1015685,0.0,0.0,0.0,CURRENT,0.0957,NONE,9.6,standard_performing_profile,AUTO_APPROVE,HIGH
LC_1015817,0.0,0.0003,0.0,DEFAULT,0.1452,STATISTICAL_ANOMALY,14.5,multivariate_statistical_outlier,FLAG_FOR_REVIEW,HIGH
LC_1015884,0.0003,0.0,0.0,CURRENT,0.1314,NONE,13.1,standard_performing_profile,AUTO_APPROVE,HIGH
LC_1015939,0.0,0.0,0.0,CURRENT,0.0987,NONE,9.9,standard_performing_profile,AUTO_APPROVE,HIGH
LC_1015970,0.0152,0.018,0.0035,DELINQUENT_60,0.1293,NONE,12.9,standard_performing_profile,FLAG_FOR_REVIEW,HIGH
LC_1016027,0.0003,0.0003,0.0038,PREPAID,0.1266,NONE,12.7,standard_performing_profile,AUTO_APPROVE,HIGH
LC_1016073,0.0,0.0,0.0,CURRENT,0.1572,STATISTICAL_ANOMALY,15.7,multivariate_statistical_outlier,FLAG_FOR_REVIEW,HIGH
LC_1016078,0.0,0.0,0.0,CURRENT,0.096,NONE,9.6,standard_performing_profile,AUTO_APPROVE,HIGH
LC_1016085,0.0,0.0,0.0009,CURRENT,0.1161,NONE,11.6,standard_performing_profile,AUTO_APPROVE,HIGH
LC_1016094,0.0,0.0,0.0,CURRENT,0.1317,NONE,13.2,standard_performing_profile,AUTO_APPROVE,HIGH
LC_1016114,0.0003,0.0003,0.0,CURRENT,0.3041,SOURCE_RECONCILIATION_CONFLICT,30.4,source_reconciliation_conflict,RECONCILE_SOURCE_CONFLICT,HIGH
LC_1016130,0.0003,0.0003,0.0004,CURRENT,0.1134,NONE,11.3,standard_performing_profile,AUTO_APPROVE,HIGH
LC_1016180,0.0003,0.0003,0.0,CURRENT,0.1014,NONE,10.1,standard_performing_profile,AUTO_APPROVE,HIGH
LC_1016204,0.0,0.0003,0.0,DEFAULT,0.141,STATISTICAL_ANOMALY,14.1,multivariate_statistical_outlier,FLAG_FOR_REVIEW,HIGH
LC_1016341,0.0003,0.0003,0.0018,PREPAID,0.1086,NONE,10.9,standard_performing_profile,AUTO_APPROVE,HIGH
LC_1016397,0.0003,0.0003,0.0004,CURRENT,0.1161,NONE,11.6,standard_performing_profile,AUTO_APPROVE,HIGH
LC_1016401,0.0,0.0003,0.0,CURRENT,0.1233,NONE,12.3,standard_performing_profile,AUTO_APPROVE,HIGH
LC_1016445,0.0,0.0,0.0,CURRENT,0.0999,NONE,10.0,standard_performing_profile,AUTO_APPROVE,HIGH
LC_1016447,0.0003,0.0003,0.0019,PREPAID,0.1386,STATISTICAL_ANOMALY,13.9,multivariate_statistical_outlier,FLAG_FOR_REVIEW,HIGH
LC_1016573,0.0003,0.0,0.0011,PREPAID,0.1203,NONE,12.0,standard_performing_profile,AUTO_APPROVE,HIGH
LC_1016603,0.0003,0.0003,0.0,CURRENT,0.117,NONE,11.7,standard_performing_profile,AUTO_APPROVE,HIGH
LC_1016642,0.0,0.0,0.0,CURRENT,0.1188,NONE,11.9,standard_performing_profile,AUTO_APPROVE,HIGH
LC_1016882,0.0,0.0003,0.0,CURRENT,0.0972,NONE,9.7,standard_performing_profile,AUTO_APPROVE,HIGH
LC_1016946,0.0,0.0003,0.0,CURRENT,0.1023,NONE,10.2,standard_performing_profile,AUTO_APPROVE,HIGH
LC_1017062,0.0,0.0,0.0,CURRENT,0.1404,STATISTICAL_ANOMALY,14.0,multivariate_statistical_outlier,FLAG_FOR_REVIEW,HIGH
LC_1017224,0.0,0.0,0.0,CURRENT,0.1215,NONE,12.2,standard_performing_profile,AUTO_APPROVE,HIGH
LC_1017227,0.0,0.0003,0.0,CURRENT,0.3107,SOURCE_RECONCILIATION_CONFLICT,31.1,source_reconciliation_conflict,RECONCILE_SOURCE_CONFLICT,HIGH
LC_1017255,0.0,0.0,0.0004,CURRENT,0.3146,SOURCE_RECONCILIATION_CONFLICT,31.5,source_reconciliation_conflict,RECONCILE_SOURCE_CONFLICT,HIGH
LC_1017271,0.0,0.0,0.0,CURRENT,0.1383,STATISTICAL_ANOMALY,13.8,multivariate_statistical_outlier,FLAG_FOR_REVIEW,HIGH
LC_1017365,0.0,0.0,0.0,CURRENT,0.1242,NONE,12.4,standard_performing_profile,AUTO_APPROVE,HIGH
LC_1017403,0.0003,0.0003,0.0004,CURRENT,0.078,NONE,7.8,standard_performing_profile,AUTO_APPROVE,HIGH
LC_1017477,0.0003,0.0003,0.0,CURRENT,0.0981,NONE,9.8,standard_performing_profile,AUTO_APPROVE,HIGH
LC_1017518,0.0003,0.0003,0.0,CURRENT,0.096,NONE,9.6,standard_performing_profile,AUTO_APPROVE,HIGH
LC_1017523,0.0003,0.0003,0.0042,PREPAID,0.1182,NONE,11.8,standard_performing_profile,AUTO_APPROVE,HIGH
LC_1017534,0.0,0.0003,0.0,DEFAULT,0.1812,STATISTICAL_ANOMALY,18.1,multivariate_statistical_outlier,FLAG_FOR_REVIEW,HIGH
LC_1017535,0.0003,0.0003,0.001,CURRENT,0.0891,NONE,8.9,standard_performing_profile,AUTO_APPROVE,HIGH
LC_1017538,0.0003,0.0003,0.0004,CURRENT,0.1185,NONE,11.8,standard_performing_profile,AUTO_APPROVE,HIGH
LC_1017583,0.0,0.0,0.0,PREPAID,0.1281,NONE,12.8,standard_performing_profile,AUTO_APPROVE,HIGH
LC_1017657,0.0003,0.0,0.0004,CURRENT,0.0945,NONE,9.4,standard_performing_profile,AUTO_APPROVE,HIGH
LC_1017697,0.0,0.0,0.0,CURRENT,0.0975,NONE,9.8,standard_performing_profile,AUTO_APPROVE,HIGH
LC_1017705,0.0,0.0,0.0,CURRENT,0.0969,NONE,9.7,standard_performing_profile,AUTO_APPROVE,HIGH
LC_1017708,0.0003,0.0003,0.0,CURRENT,0.1233,NONE,12.3,standard_performing_profile,AUTO_APPROVE,HIGH
LC_1017779,0.0003,0.0003,0.0009,CURRENT,0.0909,NONE,9.1,standard_performing_profile,AUTO_APPROVE,HIGH
LC_1017804,0.0,0.0003,0.0,DEFAULT,0.1716,STATISTICAL_ANOMALY,17.2,multivariate_statistical_outlier,FLAG_FOR_REVIEW,HIGH
LC_1017840,0.0,0.0003,0.0,CURRENT,0.1086,NONE,10.9,standard_performing_profile,AUTO_APPROVE,HIGH
LC_1017902,0.0003,0.0003,0.0009,CURRENT,0.0987,NONE,9.9,standard_performing_profile,AUTO_APPROVE,HIGH
LC_1017957,0.0003,0.0,0.0004,CURRENT,0.1218,NONE,12.2,standard_performing_profile,AUTO_APPROVE,HIGH
LC_1017966,0.0,0.0,0.0,CURRENT,0.1089,NONE,10.9,standard_performing_profile,AUTO_APPROVE,HIGH
LC_1017979,0.0003,0.0003,0.001,CURRENT,0.0933,NONE,9.3,standard_performing_profile,AUTO_APPROVE,HIGH
LC_1018012,0.0061,0.004,0.0009,DELINQUENT_30,0.3182,SOURCE_RECONCILIATION_CONFLICT,31.8,source_reconciliation_conflict,RECONCILE_SOURCE_CONFLICT,HIGH
LC_1018013,0.0,0.0,0.0,CURRENT,0.1071,NONE,10.7,standard_performing_profile,AUTO_APPROVE,HIGH
LC_1018051,0.0,0.0003,0.0,CURRENT,0.1017,NONE,10.2,standard_performing_profile,AUTO_APPROVE,HIGH
LC_1018072,0.0,0.0003,0.0011,CURRENT,0.1206,NONE,12.1,standard_performing_profile,AUTO_APPROVE,HIGH
LC_1018075,0.0,0.0003,0.0004,CURRENT,0.0867,NONE,8.7,standard_performing_profile,AUTO_APPROVE,HIGH
LC_1018150,0.0003,0.0,0.0004,CURRENT,0.1128,NONE,11.3,standard_performing_profile,AUTO_APPROVE,HIGH
LC_1018175,0.0,0.0,0.0004,CURRENT,0.1098,NONE,11.0,standard_performing_profile,AUTO_APPROVE,HIGH
LC_1018187,0.0,0.0023,0.0,CURRENT,0.1539,STATISTICAL_ANOMALY,15.4,multivariate_statistical_outlier,FLAG_FOR_REVIEW,HIGH
LC_1018189,0.0225,0.1027,0.0,DELINQUENT_90,0.168,HIGH_CREDIT_RISK,16.8,elevated_default_hazard; multivariate_statistical_outlier,HIGH_RISK_REVIEW,HIGH
LC_1018280,0.0,0.0,0.0,CURRENT,0.1161,NONE,11.6,standard_performing_profile,AUTO_APPROVE,HIGH
LC_1018402,0.0,0.0003,0.0,CURRENT,0.1158,NONE,11.6,standard_performing_profile,AUTO_APPROVE,HIGH
LC_1018413,0.0,0.0,0.0,CURRENT,0.1326,NONE,13.3,standard_performing_profile,AUTO_APPROVE,HIGH
LC_1018541,0.0,0.0003,0.0009,CURRENT,0.0888,NONE,8.9,standard_performing_profile,AUTO_APPROVE,HIGH
LC_1018548,0.0298,0.0983,0.0,DELINQUENT_90,0.1581,HIGH_CREDIT_RISK,15.8,elevated_default_hazard; multivariate_statistical_outlier,HIGH_RISK_REVIEW,HIGH
LC_1018566,0.0,0.0,0.0,CURRENT,0.0954,NONE,9.5,standard_performing_profile,AUTO_APPROVE,HIGH
LC_1018567,0.0,0.0,0.0,CURRENT,0.0828,NONE,8.3,standard_performing_profile,AUTO_APPROVE,HIGH
LC_1018638,0.0,0.0,0.0,DEFAULT,0.1809,STATISTICAL_ANOMALY,18.1,multivariate_statistical_outlier,FLAG_FOR_REVIEW,HIGH
LC_1018679,0.0,0.0,0.0004,CURRENT,0.0882,NONE,8.8,standard_performing_profile,AUTO_APPROVE,HIGH
LC_1018738,0.0074,0.008,0.0071,DELINQUENT_30,0.3137,SOURCE_RECONCILIATION_CONFLICT,31.4,source_reconciliation_conflict,RECONCILE_SOURCE_CONFLICT,HIGH
LC_1018775,0.0,0.0003,0.0004,CURRENT,0.0777,NONE,7.8,standard_performing_profile,AUTO_APPROVE,HIGH
LC_1018823,0.0003,0.0003,0.0018,PREPAID,0.1218,NONE,12.2,standard_performing_profile,AUTO_APPROVE,HIGH
LC_1018830,0.0,0.0,0.0,CURRENT,0.093,NONE,9.3,standard_performing_profile,AUTO_APPROVE,HIGH
LC_1018840,0.0,0.0003,0.0004,CURRENT,0.1071,NONE,10.7,standard_performing_profile,AUTO_APPROVE,HIGH
LC_1018867,0.0,0.0003,0.0,CURRENT,0.0978,NONE,9.8,standard_performing_profile,AUTO_APPROVE,HIGH
LC_1019010,0.0003,0.0,0.0023,PREPAID,0.138,STATISTICAL_ANOMALY,13.8,multivariate_statistical_outlier,FLAG_FOR_REVIEW,HIGH
LC_1019079,0.0,0.0,0.0,CURRENT,0.1245,NONE,12.4,standard_performing_profile,AUTO_APPROVE,HIGH
LC_1019139,0.0,0.0,0.0,CURRENT,0.3113,SOURCE_RECONCILIATION_CONFLICT,31.1,source_reconciliation_conflict,RECONCILE_SOURCE_CONFLICT,HIGH
LC_1019171,0.0,0.0,0.0,CURRENT,0.1134,NONE,11.3,standard_performing_profile,AUTO_APPROVE,HIGH
LC_1019184,0.0003,0.0003,0.0056,PREPAID,0.141,STATISTICAL_ANOMALY,14.1,multivariate_statistical_outlier,FLAG_FOR_REVIEW,HIGH
LC_1019202,0.0003,0.0003,0.0,CURRENT,0.0984,NONE,9.8,standard_performing_profile,AUTO_APPROVE,HIGH
LC_1019221,0.0003,0.0003,0.0045,PREPAID,0.1284,NONE,12.8,standard_performing_profile,AUTO_APPROVE,HIGH
LC_1019265,0.0,0.0,0.0,CURRENT,0.1077,NONE,10.8,standard_performing_profile,AUTO_APPROVE,HIGH
LC_1019292,0.0,0.0003,0.0004,CURRENT,0.3143,SOURCE_RECONCILIATION_CONFLICT,31.4,source_reconciliation_conflict,RECONCILE_SOURCE_CONFLICT,HIGH
LC_1019349,0.0003,0.0003,0.0061,PREPAID,0.1377,STATISTICAL_ANOMALY,13.8,multivariate_statistical_outlier,FLAG_FOR_REVIEW,HIGH
LC_1019435,0.0074,0.0245,0.002,DELINQUENT_60,0.1257,NONE,12.6,standard_performing_profile,FLAG_FOR_REVIEW,HIGH
LC_1019506,0.0,0.0003,0.0,DEFAULT,0.177,STATISTICAL_ANOMALY,17.7,multivariate_statistical_outlier,FLAG_FOR_REVIEW,HIGH
LC_1019571,0.0,0.0,0.0,CURRENT,0.1188,NONE,11.9,standard_performing_profile,AUTO_APPROVE,HIGH
LC_1019585,0.0,0.0,0.0,CURRENT,0.1131,NONE,11.3,standard_performing_profile,AUTO_APPROVE,HIGH
LC_1019590,0.0,0.0003,0.001,CURRENT,0.0825,NONE,8.2,standard_performing_profile,AUTO_APPROVE,HIGH
LC_1019645,0.0003,0.0003,0.0011,CURRENT,0.0981,NONE,9.8,standard_performing_profile,AUTO_APPROVE,HIGH
LC_1019746,0.0,0.0,0.0,CURRENT,0.1287,NONE,12.9,standard_performing_profile,AUTO_APPROVE,HIGH
LC_1019768,0.0,0.0003,0.0,CURRENT,0.1086,NONE,10.9,standard_performing_profile,AUTO_APPROVE,HIGH
LC_1019773,0.0003,0.0,0.0,CURRENT,0.0984,NONE,9.8,standard_performing_profile,AUTO_APPROVE,HIGH
LC_1019795,0.0003,0.0,0.0004,CURRENT,0.0891,NONE,8.9,standard_performing_profile,AUTO_APPROVE,HIGH
LC_1019822,0.0,0.0,0.0,CURRENT,0.105,NONE,10.5,standard_performing_profile,AUTO_APPROVE,HIGH
LC_1019842,0.0,0.0,0.0,CURRENT,0.0786,NONE,7.9,standard_performing_profile,AUTO_APPROVE,HIGH
LC_1019843,0.0,0.0003,0.0,DEFAULT,0.159,STATISTICAL_ANOMALY,15.9,multivariate_statistical_outlier,FLAG_FOR_REVIEW,HIGH
LC_1019857,0.0,0.0,0.0,CURRENT,0.093,NONE,9.3,standard_performing_profile,AUTO_APPROVE,HIGH
LC_1019966,0.0,0.0,0.0,CURRENT,0.09,NONE,9.0,standard_performing_profile,AUTO_APPROVE,HIGH
LC_1019974,0.0003,0.0003,0.0004,CURRENT,0.1131,NONE,11.3,standard_performing_profile,AUTO_APPROVE,HIGH
LC_1020038,0.0,0.0003,0.0009,CURRENT,0.0825,NONE,8.2,standard_performing_profile,AUTO_APPROVE,HIGH
LC_1020121,0.0,0.0,0.0,DEFAULT,0.1617,STATISTICAL_ANOMALY,16.2,multivariate_statistical_outlier,FLAG_FOR_REVIEW,HIGH
LC_1020214,0.0,0.0003,0.0,DEFAULT,0.1416,STATISTICAL_ANOMALY,14.2,multivariate_statistical_outlier,FLAG_FOR_REVIEW,HIGH
LC_1020230,0.0003,0.0003,0.0,CURRENT,0.1179,NONE,11.8,standard_performing_profile,AUTO_APPROVE,HIGH
LC_1020257,0.0,0.0,0.0,CURRENT,0.1509,STATISTICAL_ANOMALY,15.1,multivariate_statistical_outlier,FLAG_FOR_REVIEW,HIGH
LC_1020263,0.0003,0.0,0.0023,PREPAID,0.1365,STATISTICAL_ANOMALY,13.6,multivariate_statistical_outlier,FLAG_FOR_REVIEW,HIGH
LC_1020289,0.0,0.0,0.0,CURRENT,0.1596,STATISTICAL_ANOMALY,16.0,multivariate_statistical_outlier,FLAG_FOR_REVIEW,HIGH
LC_1020340,0.0,0.0,0.0004,CURRENT,0.1029,NONE,10.3,standard_performing_profile,AUTO_APPROVE,HIGH
LC_1020348,0.0,0.0,0.0,CURRENT,0.3506,SOURCE_RECONCILIATION_CONFLICT,35.1,source_reconciliation_conflict; multivariate_statistical_outlier,RECONCILE_SOURCE_CONFLICT,HIGH
LC_1020487,0.0003,0.0003,0.0004,CURRENT,0.1059,NONE,10.6,standard_performing_profile,AUTO_APPROVE,HIGH
LC_1020528,0.0,0.0,0.0,CURRENT,0.1125,NONE,11.2,standard_performing_profile,AUTO_APPROVE,HIGH
LC_1020548,0.0,0.0,0.0,CURRENT,0.1104,NONE,11.0,standard_performing_profile,AUTO_APPROVE,HIGH
LC_1020580,0.0,0.0,0.0,CURRENT,0.0855,NONE,8.5,standard_performing_profile,AUTO_APPROVE,HIGH
LC_1020627,0.0,0.0,0.0004,CURRENT,0.0972,NONE,9.7,standard_performing_profile,AUTO_APPROVE,HIGH
LC_1020655,0.0,0.0,0.0,CURRENT,0.1071,NONE,10.7,standard_performing_profile,AUTO_APPROVE,HIGH
LC_1020718,0.0,0.0003,0.0,DEFAULT,0.1632,STATISTICAL_ANOMALY,16.3,multivariate_statistical_outlier,FLAG_FOR_REVIEW,HIGH
LC_1020767,0.0003,0.0003,0.0023,PREPAID,0.1362,STATISTICAL_ANOMALY,13.6,multivariate_statistical_outlier,FLAG_FOR_REVIEW,HIGH
LC_1020791,0.0003,0.0003,0.0004,CURRENT,0.1038,NONE,10.4,standard_performing_profile,AUTO_APPROVE,HIGH
LC_1020795,0.0,0.0003,0.0,CURRENT,0.0918,NONE,9.2,standard_performing_profile,AUTO_APPROVE,HIGH
LC_1020826,0.0003,0.0003,0.0,CURRENT,0.1203,NONE,12.0,standard_performing_profile,AUTO_APPROVE,HIGH
LC_1020854,0.0,0.0,0.0004,CURRENT,0.1104,NONE,11.0,standard_performing_profile,AUTO_APPROVE,HIGH
LC_1020925,0.0225,0.099,0.0,DELINQUENT_90,0.1254,HIGH_CREDIT_RISK,12.5,elevated_default_hazard,HIGH_RISK_REVIEW,HIGH
LC_1020944,0.0003,0.0003,0.0009,CURRENT,0.1248,NONE,12.5,standard_performing_profile,AUTO_APPROVE,HIGH
LC_1021000,0.0,0.0,0.0,CURRENT,0.105,NONE,10.5,standard_performing_profile,AUTO_APPROVE,HIGH
LC_1021147,0.0,0.0,0.0,CURRENT,0.0909,NONE,9.1,standard_performing_profile,AUTO_APPROVE,HIGH
LC_1021222,0.0003,0.0003,0.0045,PREPAID,0.1299,NONE,13.0,standard_performing_profile,AUTO_APPROVE,HIGH
LC_1021232,0.0003,0.0003,0.0,CURRENT,0.0969,NONE,9.7,standard_performing_profile,AUTO_APPROVE,HIGH
LC_1021302,0.0,0.0,0.0,CURRENT,0.1128,NONE,11.3,standard_performing_profile,AUTO_APPROVE,HIGH
LC_1021393,0.0,0.0,0.0,CURRENT,0.1419,STATISTICAL_ANOMALY,14.2,multivariate_statistical_outlier,FLAG_FOR_REVIEW,HIGH
LC_1021425,0.0003,0.0,0.0012,PREPAID,0.1287,NONE,12.9,standard_performing_profile,AUTO_APPROVE,HIGH
LC_1021605,0.0003,0.0003,0.0,CURRENT,0.2897,SOURCE_RECONCILIATION_CONFLICT,29.0,source_reconciliation_conflict,RECONCILE_SOURCE_CONFLICT,HIGH
LC_1021607,0.0,0.0,0.0,CURRENT,0.1311,NONE,13.1,standard_performing_profile,AUTO_APPROVE,HIGH
LC_1021695,0.0165,0.0111,0.0009,DELINQUENT_60,0.1506,STATISTICAL_ANOMALY,15.1,multivariate_statistical_outlier,FLAG_FOR_REVIEW,HIGH
LC_1021706,0.0,0.0,0.0,CURRENT,0.1011,NONE,10.1,standard_performing_profile,AUTO_APPROVE,HIGH
LC_1021783,0.0,0.0003,0.0009,CURRENT,0.1107,NONE,11.1,standard_performing_profile,AUTO_APPROVE,HIGH
LC_1021818,0.0074,0.0102,0.0,DELINQUENT_90,0.1341,STATISTICAL_ANOMALY,13.4,multivariate_statistical_outlier,FLAG_FOR_REVIEW,HIGH
LC_1021956,0.0,0.0003,0.0009,CURRENT,0.0921,NONE,9.2,standard_performing_profile,AUTO_APPROVE,HIGH
LC_1021964,0.0,0.0003,0.0004,CURRENT,0.1245,NONE,12.4,standard_performing_profile,AUTO_APPROVE,HIGH
LC_1022050,0.0,0.0,0.0,PREPAID,0.129,NONE,12.9,standard_performing_profile,AUTO_APPROVE,HIGH
LC_1022057,0.0,0.0,0.0004,CURRENT,0.114,NONE,11.4,standard_performing_profile,AUTO_APPROVE,HIGH
LC_1022080,0.0003,0.0,0.0004,CURRENT,0.1209,NONE,12.1,standard_performing_profile,AUTO_APPROVE,HIGH
LC_1022165,0.0,0.0,0.0,CURRENT,0.3191,SOURCE_RECONCILIATION_CONFLICT,31.9,source_reconciliation_conflict,RECONCILE_SOURCE_CONFLICT,HIGH
LC_1022244,0.0,0.0,0.0,CURRENT,0.1074,NONE,10.7,standard_performing_profile,AUTO_APPROVE,HIGH
LC_1022273,0.0003,0.0003,0.0004,CURRENT,0.1074,NONE,10.7,standard_performing_profile,AUTO_APPROVE,HIGH
LC_1022285,0.0,0.0,0.0,CURRENT,0.1104,NONE,11.0,standard_performing_profile,AUTO_APPROVE,HIGH
LC_1022334,0.0244,0.1157,0.0,DELINQUENT_90,0.1428,HIGH_CREDIT_RISK,14.3,elevated_default_hazard; multivariate_statistical_outlier,HIGH_RISK_REVIEW,HIGH
LC_1022515,0.0,0.0003,0.001,CURRENT,0.0864,NONE,8.6,standard_performing_profile,AUTO_APPROVE,HIGH
LC_1022517,0.0243,0.0634,0.0,DELINQUENT_90,0.1122,HIGH_CREDIT_RISK,11.2,elevated_default_hazard,HIGH_RISK_REVIEW,HIGH
LC_1022552,0.0,0.0003,0.0004,CURRENT,0.0945,NONE,9.4,standard_performing_profile,AUTO_APPROVE,HIGH
LC_1022571,0.0,0.0,0.0,CURRENT,0.0933,NONE,9.3,standard_performing_profile,AUTO_APPROVE,HIGH
LC_1022603,0.0,0.0,0.0004,CURRENT,0.1215,NONE,12.2,standard_performing_profile,AUTO_APPROVE,HIGH
LC_1022607,0.0,0.0,0.0,CURRENT,0.0954,NONE,9.5,standard_performing_profile,AUTO_APPROVE,HIGH
LC_1022680,0.0003,0.0003,0.0,CURRENT,0.3071,SOURCE_RECONCILIATION_CONFLICT,30.7,source_reconciliation_conflict,RECONCILE_SOURCE_CONFLICT,HIGH
LC_1022682,0.0,0.0,0.0,CURRENT,0.1254,NONE,12.5,standard_performing_profile,AUTO_APPROVE,HIGH
LC_1022692,0.0003,0.0,0.0,CURRENT,0.1017,NONE,10.2,standard_performing_profile,AUTO_APPROVE,HIGH
LC_1022694,0.0,0.0,0.0,CURRENT,0.0927,NONE,9.3,standard_performing_profile,AUTO_APPROVE,HIGH
LC_1022712,0.0,0.0,0.0,CURRENT,0.0882,NONE,8.8,standard_performing_profile,AUTO_APPROVE,HIGH
LC_1022746,0.0,0.0,0.0,DEFAULT,0.1494,STATISTICAL_ANOMALY,14.9,multivariate_statistical_outlier,FLAG_FOR_REVIEW,HIGH
LC_1022750,0.0003,0.0003,0.0,CURRENT,0.0948,NONE,9.5,standard_performing_profile,AUTO_APPROVE,HIGH
LC_1022778,0.0003,0.0003,0.0009,CURRENT,0.1146,NONE,11.5,standard_performing_profile,AUTO_APPROVE,HIGH
LC_1022790,0.0,0.0,0.0,CURRENT,0.087,NONE,8.7,standard_performing_profile,AUTO_APPROVE,HIGH
LC_1022827,0.0,0.0,0.0,PREPAID,0.1593,STATISTICAL_ANOMALY,15.9,multivariate_statistical_outlier,FLAG_FOR_REVIEW,HIGH
LC_1022884,0.0,0.0,0.0,CURRENT,0.1074,NONE,10.7,standard_performing_profile,AUTO_APPROVE,HIGH
LC_1022908,0.0003,0.0003,0.001,CURRENT,0.0966,NONE,9.7,standard_performing_profile,AUTO_APPROVE,HIGH
LC_1022945,0.0,0.0,0.0,CURRENT,0.1035,NONE,10.4,standard_performing_profile,AUTO_APPROVE,HIGH
LC_1023035,0.0,0.0,0.0,CURRENT,0.1155,NONE,11.5,standard_performing_profile,AUTO_APPROVE,HIGH
LC_1023043,0.0,0.0003,0.0,CURRENT,0.0822,NONE,8.2,standard_performing_profile,AUTO_APPROVE,HIGH
LC_1023120,0.0,0.0,0.0,CURRENT,0.1116,NONE,11.2,standard_performing_profile,AUTO_APPROVE,HIGH
LC_1023129,0.0,0.0,0.0,CURRENT,0.1131,NONE,11.3,standard_performing_profile,AUTO_APPROVE,HIGH
LC_1023155,0.0,0.0,0.0,CURRENT,0.1155,NONE,11.5,standard_performing_profile,AUTO_APPROVE,HIGH
LC_1023170,0.0,0.0,0.0,CURRENT,0.1011,NONE,10.1,standard_performing_profile,AUTO_APPROVE,HIGH
LC_1023248,0.0,0.0003,0.0,CURRENT,0.1023,NONE,10.2,standard_performing_profile,AUTO_APPROVE,HIGH
LC_1023264,0.0003,0.0003,0.0,CURRENT,0.1083,NONE,10.8,standard_performing_profile,AUTO_APPROVE,HIGH
LC_1023284,0.0,0.0,0.0,CURRENT,0.1113,NONE,11.1,standard_performing_profile,AUTO_APPROVE,HIGH
LC_1023337,0.0,0.0,0.0,CURRENT,0.1161,NONE,11.6,standard_performing_profile,AUTO_APPROVE,HIGH
LC_1023382,0.0,0.0003,0.0,CURRENT,0.1134,NONE,11.3,standard_performing_profile,AUTO_APPROVE,HIGH
LC_1023394,0.0003,0.0003,0.0,CURRENT,0.1263,NONE,12.6,standard_performing_profile,AUTO_APPROVE,HIGH
LC_1023416,0.0,0.0,0.0,CURRENT,0.1176,NONE,11.8,standard_performing_profile,AUTO_APPROVE,HIGH
LC_1023444,0.0,0.0,0.0,CURRENT,0.1218,NONE,12.2,standard_performing_profile,AUTO_APPROVE,HIGH
LC_1023479,0.0,0.0,0.0,CURRENT,0.3296,SOURCE_RECONCILIATION_CONFLICT,33.0,source_reconciliation_conflict,RECONCILE_SOURCE_CONFLICT,HIGH
LC_1023494,0.0,0.0,0.0,DEFAULT,0.3755,SOURCE_RECONCILIATION_CONFLICT,37.6,source_reconciliation_conflict; multivariate_statistical_outlier,RECONCILE_SOURCE_CONFLICT,HIGH
LC_1023501,0.0,0.0,0.0004,CURRENT,0.1257,NONE,12.6,standard_performing_profile,AUTO_APPROVE,HIGH
LC_1023537,0.0,0.0003,0.0,CURRENT,0.0996,NONE,10.0,standard_performing_profile,AUTO_APPROVE,HIGH
LC_1023547,0.0,0.0003,0.0,DEFAULT,0.1851,STATISTICAL_ANOMALY,18.5,multivariate_statistical_outlier,FLAG_FOR_REVIEW,HIGH
LC_1023550,0.0003,0.0003,0.0,CURRENT,0.132,NONE,13.2,standard_performing_profile,AUTO_APPROVE,HIGH
LC_1023575,0.0,0.0,0.0009,CURRENT,0.1059,NONE,10.6,standard_performing_profile,AUTO_APPROVE,HIGH
LC_1023603,0.0,0.0,0.0,PREPAID,0.1515,STATISTICAL_ANOMALY,15.2,multivariate_statistical_outlier,FLAG_FOR_REVIEW,HIGH
LC_1023663,0.0,0.0003,0.001,CURRENT,0.1167,NONE,11.7,standard_performing_profile,AUTO_APPROVE,HIGH
LC_1023671,0.0,0.0,0.0,CURRENT,0.0888,NONE,8.9,standard_performing_profile,AUTO_APPROVE,HIGH
LC_1023704,0.0,0.0,0.0,CURRENT,0.126,NONE,12.6,standard_performing_profile,AUTO_APPROVE,HIGH
LC_1023736,0.0,0.0,0.0,CURRENT,0.1149,NONE,11.5,standard_performing_profile,AUTO_APPROVE,HIGH
LC_1023747,0.0003,0.0003,0.0004,CURRENT,0.1056,NONE,10.6,standard_performing_profile,AUTO_APPROVE,HIGH
LC_1023782,0.0003,0.0,0.0,CURRENT,0.1266,NONE,12.7,standard_performing_profile,AUTO_APPROVE,HIGH
LC_1023815,0.0,0.0003,0.0004,CURRENT,0.1239,NONE,12.4,standard_performing_profile,AUTO_APPROVE,HIGH
LC_1023819,0.0003,0.0,0.0,CURRENT,0.1041,NONE,10.4,standard_performing_profile,AUTO_APPROVE,HIGH
LC_1023825,0.0,0.0003,0.0,CURRENT,0.0903,NONE,9.0,standard_performing_profile,AUTO_APPROVE,HIGH
LC_1023853,0.0003,0.0003,0.0004,CURRENT,0.1146,NONE,11.5,standard_performing_profile,AUTO_APPROVE,HIGH
LC_1023885,0.0,0.0003,0.0004,CURRENT,0.0912,NONE,9.1,standard_performing_profile,AUTO_APPROVE,HIGH
LC_1023979,0.0,0.0,0.0,CURRENT,0.1284,NONE,12.8,standard_performing_profile,AUTO_APPROVE,HIGH
LC_1024084,0.0003,0.0003,0.0,CURRENT,0.1077,NONE,10.8,standard_performing_profile,AUTO_APPROVE,HIGH
LC_1024185,0.0,0.0,0.0,CURRENT,0.0948,NONE,9.5,standard_performing_profile,AUTO_APPROVE,HIGH
LC_1024342,0.0003,0.0003,0.0,CURRENT,0.1194,NONE,11.9,standard_performing_profile,AUTO_APPROVE,HIGH
LC_1024385,0.0,0.0,0.0,CURRENT,0.1077,NONE,10.8,standard_performing_profile,AUTO_APPROVE,HIGH
LC_1024390,0.0,0.0003,0.0004,CURRENT,0.1026,NONE,10.3,standard_performing_profile,AUTO_APPROVE,HIGH
LC_1024405,0.0003,0.0003,0.0072,PREPAID,0.1392,STATISTICAL_ANOMALY,13.9,multivariate_statistical_outlier,FLAG_FOR_REVIEW,HIGH
LC_1024407,0.0003,0.0003,0.0013,PREPAID,0.1287,NONE,12.9,standard_performing_profile,AUTO_APPROVE,HIGH
LC_1024420,0.0,0.0,0.0,CURRENT,0.1026,NONE,10.3,standard_performing_profile,AUTO_APPROVE,HIGH
LC_1024474,0.0,0.0,0.0,CURRENT,0.1143,NONE,11.4,standard_performing_profile,AUTO_APPROVE,HIGH
LC_1024520,0.0003,0.0003,0.0,CURRENT,0.2933,SOURCE_RECONCILIATION_CONFLICT,29.3,source_reconciliation_conflict,RECONCILE_SOURCE_CONFLICT,HIGH
LC_1024522,0.0003,0.0003,0.0004,CURRENT,0.0969,NONE,9.7,standard_performing_profile,AUTO_APPROVE,HIGH
LC_1024524,0.0,0.0,0.0,CURRENT,0.1155,NONE,11.5,standard_performing_profile,AUTO_APPROVE,HIGH
LC_1024568,0.0003,0.0003,0.001,CURRENT,0.0849,NONE,8.5,standard_performing_profile,AUTO_APPROVE,HIGH
LC_1024603,0.0,0.0,0.0,CURRENT,0.1044,NONE,10.4,standard_performing_profile,AUTO_APPROVE,HIGH
LC_1024639,0.0,0.0,0.0,CURRENT,0.1224,NONE,12.2,standard_performing_profile,AUTO_APPROVE,HIGH
LC_1024678,0.0,0.0003,0.0004,CURRENT,0.0846,NONE,8.5,standard_performing_profile,AUTO_APPROVE,HIGH
LC_1024688,0.0003,0.0003,0.0009,CURRENT,0.1014,NONE,10.1,standard_performing_profile,AUTO_APPROVE,HIGH
LC_1024689,0.0,0.0,0.0,CURRENT,0.1008,NONE,10.1,standard_performing_profile,AUTO_APPROVE,HIGH
LC_1024702,0.0,0.0,0.0,CURRENT,0.1341,STATISTICAL_ANOMALY,13.4,multivariate_statistical_outlier,FLAG_FOR_REVIEW,HIGH
LC_1024797,0.0,0.0,0.0,CURRENT,0.1161,NONE,11.6,standard_performing_profile,AUTO_APPROVE,HIGH
LC_1024918,0.0003,0.0,0.0023,PREPAID,0.1107,NONE,11.1,standard_performing_profile,AUTO_APPROVE,HIGH
LC_1024947,0.0,0.0003,0.0,CURRENT,0.12,NONE,12.0,standard_performing_profile,AUTO_APPROVE,HIGH
LC_1024951,0.0,0.0003,0.0,CURRENT,0.1056,NONE,10.6,standard_performing_profile,AUTO_APPROVE,HIGH
LC_1024988,0.0,0.0,0.0,CURRENT,0.0963,NONE,9.6,standard_performing_profile,AUTO_APPROVE,HIGH
LC_1024997,0.0003,0.0003,0.0004,CURRENT,0.0867,NONE,8.7,standard_performing_profile,AUTO_APPROVE,HIGH
